"Chrom","Position","RSID","Reference","Alternate","Source","Filters - exomes","Filters - genomes","Consequence","Protein Consequence","Transcript Consequence","Annotation","Flags","Allele Count","Allele Number","Number of Homozygotes","Allele Frequency","Allele Count African","Allele Number African","Homozygote Count African","Allele Count Ashkenazi Jewish","Allele Number Ashkenazi Jewish","Homozygote Count Ashkenazi Jewish","Allele Count East Asian","Allele Number East Asian","Homozygote Count East Asian","Allele Count European (Finnish)","Allele Number European (Finnish)","Homozygote Count European (Finnish)","Allele Count European (Non-Finnish)","Allele Number European (Non-Finnish)","Homozygote Count European (Non-Finnish)","Allele Count Latino","Allele Number Latino","Homozygote Count Latino","Allele Count Other","Allele Number Other","Homozygote Count Other","Allele Count South Asian","Allele Number South Asian","Homozygote Count South Asian"
"14","22739790",".","C","T","G","NA","PASS","","","","upstream gene","","1","30862","0","3.24e-5","0","8668","0","0","302","0","0","1616","0","0","3484","0","1","14980","0","0","836","0","0","976","0","0","0","0"
"14","22739798",".","A","G","G","NA","PASS","","","","upstream gene","","2","30844","0","6.484e-5","0","8676","0","0","302","0","0","1608","0","0","3482","0","2","14966","0","0","836","0","0","974","0","0","0","0"
"14","22739806","rs752338507","A","T","E","PASS","NA","","","","upstream gene","","2","230222","0","8.687e-6","0","14844","0","0","9738","0","0","16938","0","0","12454","0","0","107130","0","0","33272","0","0","5304","0","2","30542","0"
"14","22739810",".","A","T","E","PASS","NA","","","","upstream gene","","1","230678","0","4.335e-6","0","14882","0","0","9754","0","0","16958","0","0","12476","0","1","107376","0","0","33306","0","0","5314","0","0","30612","0"
"14","22739812","rs760305716","C","T","E G","PASS","PASS","","","","upstream gene","","34","261590","0","0.0001300","0","23554","0","0","10058","0","0","18564","0","31","15974","0","1","122376","0","0","34160","0","2","6282","0","0","30622","0"
"14","22739816","rs764520199","G","T","E G","PASS","PASS","","","","upstream gene","","22","261864","1","8.401e-5","1","23572","0","0","10068","0","0","18588","0","0","15984","0","21","122492","1","0","34188","0","0","6296","0","0","30676","0"
"14","22739818","rs369751067","A","G","E","PASS","NA","","","","upstream gene","","2","231212","0","8.65e-6","0","14928","0","0","9766","0","0","16986","0","0","12520","0","1","107628","0","1","33368","0","0","5326","0","0","30690","0"
"14","22739824","rs757813526","C","A","E G","PASS","PASS","","","","upstream gene","","12","262180","0","4.577e-5","0","23598","0","0","10076","0","0","18602","0","0","16010","0","12","122670","0","0","34210","0","0","6300","0","0","30714","0"
"14","22739825",".","T","C","G","NA","PASS","","","","upstream gene","","1","30796","0","3.247e-5","1","8642","0","0","302","0","0","1610","0","0","3484","0","0","14950","0","0","838","0","0","970","0","0","0","0"
"14","22739830","rs779509655","A","C","E","PASS","NA","","","","upstream gene","","1","231492","0","4.32e-6","0","14960","0","0","9770","0","0","17004","0","0","12548","0","0","107778","0","0","33376","0","1","5334","0","0","30722","0"
"14","22739831","rs750997113","C","T","E","PASS","NA","","","","upstream gene","","12","231504","0","5.183e-5","0","14966","0","0","9770","0","0","17000","0","0","12546","0","0","107788","0","0","33380","0","0","5332","0","12","30722","0"
"14","22739838","rs138852505","G","A","E G","PASS","PASS","","","","upstream gene","","25","262420","0","9.527e-5","24","23594","0","0","10078","0","0","18618","0","0","16036","0","0","122824","0","1","34230","0","0","6312","0","0","30728","0"
"14","22739844","rs561871916","C","T","E","PASS","NA","","","","upstream gene","","4","231640","1","1.727e-5","0","14964","0","0","9774","0","0","17008","0","0","12552","0","0","107872","0","1","33400","0","0","5340","0","3","30730","1"
"14","22739845",".","G","A","E G","RF","PASS","","","","upstream gene","","1","30802","0","3.247e-5","1","8640","0","0","302","0","0","1622","0","0","3480","0","0","14944","0","0","838","0","0","976","0","0","0","0"
"14","22739846","rs747240290","C","A","E","PASS","NA","","","","upstream gene","","1","231736","0","4.315e-6","0","14968","0","0","9782","0","0","17012","0","0","12558","0","1","107944","0","0","33404","0","0","5336","0","0","30732","0"
"14","22739847","rs377066765","T","C","E G","PASS","PASS","","","","upstream gene","","5","262568","0","1.904e-5","5","23610","0","0","10084","0","0","18636","0","0","16042","0","0","122904","0","0","34244","0","0","6320","0","0","30728","0"
"14","22739851",".","AGCATGACAC","A","E","PASS","NA","","","c.-1_8delCATGACACG","coding sequence","","1","231760","0","4.315e-6","0","14970","0","0","9782","0","0","17014","0","0","12556","0","0","107956","0","0","33410","0","0","5338","0","1","30734","0"
"14","22739854",".","A","G","E","PASS","NA","p.Met1?","p.Met1?","c.1A>G","start lost","","1","231778","0","4.314e-6","0","14972","0","0","9784","0","0","17016","0","0","12560","0","0","107956","0","0","33412","0","0","5342","0","1","30736","0"
"14","22739856",".","G","A","E","PASS","NA","p.Met1?","p.Met1?","c.3G>A","start lost","","1","231782","0","4.314e-6","0","14972","0","0","9784","0","0","17016","0","0","12560","0","1","107958","0","0","33412","0","0","5342","0","0","30738","0"
"14","22739861","rs551087078","G","A","E G","PASS","PASS","p.Arg3Gln","p.Arg3Gln","c.8G>A","missense","","30","262628","0","0.0001142","1","23624","0","0","10086","0","1","18638","0","1","16048","0","0","122926","0","0","34254","0","0","6324","0","27","30728","0"
"14","22739861","rs551087078","G","C","E","PASS","NA","p.Arg3Pro","p.Arg3Pro","c.8G>C","missense","","1","231794","0","4.314e-6","0","14974","0","0","9784","0","0","17018","0","0","12564","0","0","107964","0","0","33416","0","0","5346","0","1","30728","0"
"14","22739862","rs2075500","A","T","E G","PASS","PASS","p.Arg3Arg","p.Arg3Arg","c.9A>T","synonymous","","73333","262276","11107","0.2796","9999","23494","2173","3363","10078","576","8927","18602","2123","3300","16032","337","28953","122802","3394","9049","34224","1212","1624","6316","208","8118","30728","1084"
"14","22739876","rs774210296","G","A","E","PASS","NA","p.Trp8Ter","p.Trp8Ter","c.23G>A","stop gained","LC LoF","1","231848","0","4.313e-6","0","14976","0","0","9786","0","0","17016","0","0","12564","0","1","108004","0","0","33418","0","0","5344","0","0","30740","0"
"14","22739879","rs759484574","C","A","E","PASS","NA","p.Ala9Glu","p.Ala9Glu","c.26C>A","missense","","1","231870","0","4.313e-6","0","14976","0","0","9784","0","1","17024","0","0","12564","0","0","108022","0","0","33416","0","0","5344","0","0","30740","0"
"14","22739883","rs759855668","C","T","E G","PASS","PASS","p.Val10Val","p.Val10Val","c.30C>T","synonymous","","6","262660","0","2.284e-5","1","23624","0","0","10084","0","0","18638","0","0","16042","0","4","122950","0","0","34260","0","0","6322","0","1","30740","0"
"14","22739884","rs142023018","G","A","E G","PASS","PASS","p.Val11Met","p.Val11Met","c.31G>A","missense","","52","262682","0","0.0001980","0","23634","0","0","10080","0","27","18638","0","0","16044","0","21","122968","0","0","34260","0","2","6322","0","2","30736","0"
"14","22739887","rs760347766","G","C","E","PASS","NA","p.Val12Leu","p.Val12Leu","c.34G>C","missense","","1","231830","0","4.314e-6","0","14974","0","0","9784","0","0","17018","0","0","12562","0","0","107990","0","0","33418","0","0","5346","0","1","30738","0"
"14","22739891","rs763706483","C","T","E","PASS","NA","p.Ser13Phe","p.Ser13Phe","c.38C>T","missense","","5","231864","0","2.156e-5","0","14974","0","0","9782","0","0","17018","0","0","12562","0","0","108020","0","4","33422","0","1","5346","0","0","30740","0"
"14","22739893","rs780143450","A","G","G","NA","PASS","p.Thr14Ala","p.Thr14Ala","c.40A>G","missense","","1","30818","0","3.245e-5","1","8654","0","0","300","0","0","1616","0","0","3480","0","0","14952","0","0","838","0","0","978","0","0","0","0"
"14","22739893","rs780143450","AC","A","E","PASS","NA","p.Cys15ValfsTer25","p.Cys15ValfsTer25","c.42delC","frameshift","LC LoF","1","231884","0","4.313e-6","0","14972","0","0","9782","0","0","17022","0","0","12562","0","1","108038","0","0","33422","0","0","5346","0","0","30740","0"
"14","22739894","rs776441599","C","A","E","PASS","NA","p.Thr14Asn","p.Thr14Asn","c.41C>A","missense","","2","231882","0","8.625e-6","0","14974","0","0","9782","0","0","17020","0","0","12562","0","1","108036","0","1","33422","0","0","5346","0","0","30740","0"
"14","22739894","rs776441599","C","T","E","PASS","NA","p.Thr14Ile","p.Thr14Ile","c.41C>T","missense","","1","231882","0","4.313e-6","0","14974","0","0","9782","0","1","17020","0","0","12562","0","0","108036","0","0","33422","0","0","5346","0","0","30740","0"
"14","22739895",".","C","T","E","PASS","NA","p.Thr14Thr","p.Thr14Thr","c.42C>T","synonymous","","1","231894","0","4.312e-6","0","14974","0","0","9782","0","0","17022","0","0","12564","0","0","108040","0","1","33426","0","0","5346","0","0","30740","0"
"14","22739897","rs762224868","G","A","E","PASS","NA","p.Cys15Tyr","p.Cys15Tyr","c.44G>A","missense","","1","231888","0","4.312e-6","0","14972","0","0","9784","0","0","17022","0","0","12560","0","1","108042","0","0","33424","0","0","5346","0","0","30738","0"
"14","22739897","rs762224868","G","C","E","PASS","NA","p.Cys15Ser","p.Cys15Ser","c.44G>C","missense","","2","231888","0","8.625e-6","0","14972","0","0","9784","0","2","17022","0","0","12560","0","0","108042","0","0","33424","0","0","5346","0","0","30738","0"
"14","22739899",".","C","G","E","PASS","NA","p.Leu16Val","p.Leu16Val","c.46C>G","missense","","1","231888","0","4.312e-6","0","14972","0","0","9786","0","0","17020","0","0","12560","0","1","108042","0","0","33424","0","0","5344","0","0","30740","0"
"14","22739906",".","A","G","E","PASS","NA","c.49+4A>G","","c.49+4A>G","splice region","","1","231866","0","4.313e-6","0","14972","0","0","9782","0","0","17016","0","0","12556","0","1","108040","0","0","33424","0","0","5342","0","0","30734","0"
"14","22739911","rs549892915","G","A","E G","PASS","PASS","","","c.49+9G>A","intron","","5","262692","0","1.903e-5","0","23640","0","0","10084","0","0","18632","0","0","16036","0","5","122988","0","0","34250","0","0","6326","0","0","30736","0"
"14","22739913",".","T","C","E","PASS","NA","","","c.49+11T>C","intron","","1","231816","0","4.314e-6","0","14974","0","0","9782","0","0","17014","0","0","12550","0","0","108010","0","0","33412","0","0","5340","0","1","30734","0"
"14","22739914","rs750898445","G","A","E","PASS","NA","","","c.49+12G>A","intron","","2","231810","0","8.628e-6","0","14974","0","0","9780","0","0","17014","0","0","12548","0","2","108012","0","0","33412","0","0","5336","0","0","30734","0"
"14","22739920","rs758885177","C","T","E","PASS","NA","","","c.49+18C>T","intron","","3","231768","0","1.294e-5","3","14974","0","0","9782","0","0","17014","0","0","12542","0","0","107986","0","0","33398","0","0","5338","0","0","30734","0"
"14","22739928","rs11847230","A","G","E G","PASS","PASS","","","c.49+26A>G","intron","","1092","262538","22","0.004159","960","23624","22","0","10078","0","0","18628","0","0","16024","0","23","122912","0","92","34228","0","15","6318","0","2","30726","0"
"14","22739931","rs751630485","A","G","E","PASS","NA","","","c.49+29A>G","intron","","1","231606","0","4.318e-6","0","14964","0","0","9776","0","0","17004","0","0","12524","0","0","107898","0","0","33386","0","0","5330","0","1","30724","0"
"14","22739932",".","A","T","E","PASS","NA","","","c.49+30A>T","intron","","1","231606","0","4.318e-6","0","14958","0","0","9776","0","0","17004","0","0","12528","0","1","107898","0","0","33388","0","0","5330","0","0","30724","0"
"14","22739934","rs377133657","G","A","E G","PASS","PASS","","","c.49+32G>A","intron","","14","262418","0","5.335e-5","0","23632","0","0","10078","0","0","18622","0","0","16002","0","13","122836","0","1","34220","0","0","6304","0","0","30724","0"
"14","22739934","rs377133657","G","T","E","PASS","NA","","","c.49+32G>T","intron","","1","231546","0","4.319e-6","1","14958","0","0","9776","0","0","17002","0","0","12516","0","0","107864","0","0","33382","0","0","5324","0","0","30724","0"
"14","22739936",".","A","G","G","NA","PASS","","","c.49+34A>G","intron","","1","30856","0","3.241e-5","1","8668","0","0","302","0","0","1614","0","0","3482","0","0","14972","0","0","838","0","0","980","0","0","0","0"
"14","22739944","rs781353151","G","T","E G","PASS","PASS","","","c.49+42G>T","intron","","3","262008","0","1.145e-5","3","23616","0","0","10068","0","0","18592","0","0","15964","0","0","122610","0","0","34176","0","0","6294","0","0","30688","0"
"14","22739946","rs748374820","G","T","E","PASS","NA","","","c.49+44G>T","intron","","2","231114","0","8.654e-6","0","14928","0","0","9768","0","0","16978","0","0","12468","0","2","107636","0","0","33338","0","0","5316","0","0","30682","0"
"14","22739951","rs535521837","G","A","E G","PASS","PASS","","","c.49+49G>A","intron","","9","261708","0","3.439e-5","9","23588","0","0","10056","0","0","18554","0","0","15932","0","0","122480","0","0","34150","0","0","6288","0","0","30660","0"
"14","22739953","rs369340929","A","G","G","NA","PASS","","","c.49+51A>G","intron","","24","30872","0","0.0007774","2","8674","0","0","302","0","0","1614","0","2","3486","0","19","14976","0","0","838","0","1","982","0","0","0","0"
"14","22739964",".","T","C","G","NA","PASS","","","c.49+62T>C","intron","","1","30866","0","3.24e-5","0","8684","0","0","302","0","0","1620","0","0","3486","0","1","14954","0","0","838","0","0","982","0","0","0","0"
"14","22740086",".","G","A","G","NA","PASS","","","c.50-60G>A","intron","","1","30784","0","3.248e-5","0","8622","0","0","302","0","0","1608","0","0","3484","0","1","14954","0","0","836","0","0","978","0","0","0","0"
"14","22740096",".","C","T","E","PASS","NA","","","c.50-50C>T","intron","","1","195374","0","5.118e-6","0","13922","0","0","6904","0","0","15832","0","0","9862","0","1","92740","0","0","29852","0","0","4532","0","0","21730","0"
"14","22740098","rs778738689","C","G","E","PASS","NA","","","c.50-48C>G","intron","","1","197600","0","5.061e-6","0","14016","0","0","7000","0","0","16012","0","0","9960","0","0","93896","0","1","30064","0","0","4574","0","0","22078","0"
"14","22740100","rs372962234","C","T","E","PASS","NA","","","c.50-46C>T","intron","","1","199008","0","5.025e-6","0","14068","0","0","7074","0","0","16100","0","0","10038","0","1","94542","0","0","30286","0","0","4600","0","0","22300","0"
"14","22740105","rs771946219","G","A","E","PASS","NA","","","c.50-41G>A","intron","","4","204728","0","1.954e-5","0","14318","0","0","7416","0","1","16434","0","0","10424","0","3","97084","0","0","30980","0","0","4728","0","0","23344","0"
"14","22740108","rs375703785","A","G","E G","PASS","PASS","","","c.50-38A>G","intron","","24","237888","0","0.0001009","1","23096","0","0","7854","0","0","18150","0","2","14046","0","21","113100","0","0","32034","0","0","5758","0","0","23850","0"
"14","22740111",".","T","C","E","PASS","NA","","","c.50-35T>C","intron","","1","209086","0","4.783e-6","0","14504","0","0","7714","0","0","16604","0","0","10698","0","0","98990","0","0","31460","0","0","4822","0","1","24294","0"
"14","22740113",".","C","T","E","PASS","NA","","","c.50-33C>T","intron","","1","209676","0","4.769e-6","0","14538","0","0","7744","0","0","16624","0","0","10710","0","1","99228","0","0","31498","0","0","4824","0","0","24510","0"
"14","22740115","rs746451917","A","G","E","PASS","NA","","","c.50-31A>G","intron","","1","211718","0","4.723e-6","0","14600","0","0","7886","0","0","16678","0","0","10866","0","1","100160","0","0","31680","0","0","4862","0","0","24986","0"
"14","22740119",".","A","T","G","NA","PASS","","","c.50-27A>T","intron","","1","30774","0","3.249e-5","0","8624","0","0","302","0","0","1604","0","0","3484","0","1","14950","0","0","834","0","0","976","0","0","0","0"
"14","22740120","rs768240025","A","G","E G","PASS","PASS","","","c.50-26A>G","intron","","6","245414","0","2.445e-5","6","23290","0","0","8474","0","0","18334","0","0","14534","0","0","116418","0","0","32640","0","0","5926","0","0","25798","0"
"14","22740126",".","T","G","E","PASS","NA","","","c.50-20T>G","intron","","1","218154","0","4.584e-6","0","14744","0","0","8502","0","0","16766","0","0","11326","0","1","102946","0","0","32032","0","0","5042","0","0","26796","0"
"14","22740130","rs776353605","C","G","E","PASS","NA","","","c.50-16C>G","intron","","2","220604","0","9.066e-6","1","14794","0","0","8746","0","0","16796","0","0","11488","0","0","103882","0","1","32294","0","0","5080","0","0","27524","0"
"14","22740133","rs761568690","C","T","E","PASS","NA","","","c.50-13C>T","intron","","9","221886","0","4.056e-5","0","14806","0","0","8870","0","0","16804","0","0","11602","0","4","104366","0","5","32330","0","0","5108","0","0","28000","0"
"14","22740135","rs765682438","A","G","E","PASS","NA","","","c.50-11A>G","intron","","5","223156","0","2.241e-5","1","14836","0","0","9006","0","4","16830","0","0","11714","0","0","104784","0","0","32472","0","0","5152","0","0","28362","0"
"14","22740140","rs773778106","C","T","E","PASS","NA","c.50-6C>T","","c.50-6C>T","splice region","","1","224754","0","4.449e-6","0","14876","0","0","9160","0","1","16830","0","0","11870","0","0","105370","0","0","32584","0","0","5192","0","0","28872","0"
"14","22740145","rs74887127","G","A","E G","PASS","PASS","c.50-1G>A","","c.50-1G>A","splice acceptor","LC LoF","14","257654","0","5.434e-5","13","23530","0","0","9668","0","0","18470","0","0","15502","0","0","121180","0","1","33614","0","0","6216","0","0","29474","0"
"14","22740149","rs766843885","C","T","E","PASS","NA","p.Ser18Phe","p.Ser18Phe","c.53C>T","missense","","1","227842","0","4.389e-6","0","14912","0","0","9454","0","0","16924","0","0","12126","0","0","106520","0","0","32960","0","0","5250","0","1","29696","0"
"14","22740150","rs145484182","C","T","E G","PASS","PASS","p.Ser18Ser","p.Ser18Ser","c.54C>T","synonymous","","219","258598","1","0.0008469","6","23536","0","1","9750","0","0","18520","0","0","15634","0","163","121412","1","40","33790","0","7","6224","0","2","29732","0"
"14","22740151","rs754946489","G","A","E G","PASS","PASS","p.Gly19Ser","p.Gly19Ser","c.55G>A","missense","","6","259534","0","2.312e-5","0","23554","0","0","9832","0","0","18552","0","0","15706","0","6","121738","0","0","33914","0","0","6238","0","0","30000","0"
"14","22740152","rs767600536","G","C","E","PASS","NA","p.Gly19Ala","p.Gly19Ala","c.56G>C","missense","","1","228698","0","4.373e-6","0","14898","0","0","9536","0","0","16942","0","0","12206","0","0","106812","0","0","33036","0","0","5274","0","1","29994","0"
"14","22740152","rs767600536","G","T","E","PASS","NA","p.Gly19Val","p.Gly19Val","c.56G>T","missense","","1","228698","0","4.373e-6","0","14898","0","0","9536","0","0","16942","0","0","12206","0","1","106812","0","0","33036","0","0","5274","0","0","29994","0"
"14","22740153",".","CA","C","E","PASS","NA","p.Met20TrpfsTer20","p.Met20TrpfsTer20","c.58delA","frameshift","LC LoF","1","228848","0","4.37e-6","0","14918","0","0","9522","0","0","16958","0","0","12242","0","1","106880","0","0","33056","0","0","5266","0","0","30006","0"
"14","22740158","rs752903535","C","T","E","PASS","NA","p.Ala21Val","p.Ala21Val","c.62C>T","missense","","1","230074","0","4.346e-6","0","14960","0","0","9596","0","0","16996","0","0","12318","0","0","107296","0","0","33280","0","0","5292","0","1","30336","0"
"14","22740159","rs747218503","CCAGA","C","E","PASS","NA","p.Thr23SerfsTer16","p.Thr23SerfsTer16","c.67_70delACAG","frameshift","LC LoF","1","230344","0","4.341e-6","0","14958","0","0","9636","0","0","16996","0","0","12340","0","1","107406","0","0","33308","0","0","5302","0","0","30398","0"
"14","22740162",".","G","A","E","PASS","NA","p.Gln22Gln","p.Gln22Gln","c.66G>A","synonymous","","2","230682","0","8.67e-6","0","14964","0","0","9684","0","0","16998","0","0","12372","0","0","107532","0","2","33324","0","0","5308","0","0","30500","0"
"14","22740162",".","G","T","E","PASS","NA","p.Gln22His","p.Gln22His","c.66G>T","missense","","1","230682","0","4.335e-6","0","14964","0","0","9684","0","0","16998","0","0","12372","0","0","107532","0","1","33324","0","0","5308","0","0","30500","0"
"14","22740163","rs768902190","ACAGT","A","E","PASS","NA","p.Val24LeufsTer15","p.Val24LeufsTer15","c.70_73delGTCA","frameshift","LC LoF","2","230760","0","8.667e-6","0","14958","0","0","9696","0","0","17000","0","0","12384","0","0","107596","0","0","33324","0","0","5306","0","2","30496","0"
"14","22740164","rs148033198","C","T","E G","PASS","PASS","p.Thr23Ile","p.Thr23Ile","c.68C>T","missense","","24","261450","0","9.18e-5","17","23586","0","0","9970","0","0","18606","0","0","15886","0","2","122472","0","3","34154","0","1","6286","0","1","30490","0"
"14","22740181","rs374314830","C","T","E","PASS","NA","p.Pro29Ser","p.Pro29Ser","c.85C>T","missense","","2","231394","0","8.643e-6","2","14970","0","0","9744","0","0","17010","0","0","12466","0","0","107856","0","0","33374","0","0","5334","0","0","30640","0"
"14","22740188","rs570694748","T","C","E","PASS","NA","p.Met31Thr","p.Met31Thr","c.92T>C","missense","","1","231590","0","4.318e-6","0","14972","0","0","9754","0","0","17008","0","0","12488","0","1","107962","0","0","33390","0","0","5336","0","0","30680","0"
"14","22740188","rs570694748","T","G","E","PASS","NA","p.Met31Arg","p.Met31Arg","c.92T>G","missense","","20","231590","0","8.636e-5","0","14972","0","0","9754","0","0","17008","0","0","12488","0","9","107962","0","8","33390","0","3","5336","0","0","30680","0"
"14","22740190",".","T","C","E","PASS","NA","p.Ser32Pro","p.Ser32Pro","c.94T>C","missense","","1","231602","0","4.318e-6","0","14970","0","0","9760","0","0","17006","0","0","12500","0","1","107952","0","0","33392","0","0","5334","0","0","30688","0"
"14","22740194","rs779811850","T","G","E","PASS","NA","p.Val33Gly","p.Val33Gly","c.98T>G","missense","","1","231642","0","4.317e-6","0","14972","0","0","9760","0","0","17006","0","0","12502","0","0","107972","0","1","33396","0","0","5330","0","0","30704","0"
"14","22740195","rs746966608","G","T","E","PASS","NA","p.Val33Val","p.Val33Val","c.99G>T","synonymous","","1","231618","0","4.317e-6","1","14970","0","0","9768","0","0","17006","0","0","12508","0","0","107938","0","0","33396","0","0","5334","0","0","30698","0"
"14","22740196","rs768221160","C","T","E","PASS","NA","p.Gln34Ter","p.Gln34Ter","c.100C>T","stop gained","LC LoF","1","231606","0","4.318e-6","1","14972","0","0","9758","0","0","17004","0","0","12510","0","0","107946","0","0","33386","0","0","5334","0","0","30696","0"
"14","22740199","rs776336256","G","A","E","PASS","NA","p.Glu35Lys","p.Glu35Lys","c.103G>A","missense","","12","231670","0","5.18e-5","0","14970","0","0","9772","0","0","17000","0","0","12510","0","0","107980","0","12","33394","0","0","5332","0","0","30712","0"
"14","22740201","rs747796964","G","T","E","PASS","NA","p.Glu35Asp","p.Glu35Asp","c.105G>T","missense","","1","231688","0","4.316e-6","0","14972","0","0","9776","0","0","17000","0","0","12514","0","0","107992","0","0","33390","0","0","5334","0","1","30710","0"
"14","22740210","rs201532870","T","C","E G","PASS","PASS","p.Thr38Thr","p.Thr38Thr","c.114T>C","synonymous","","15","262564","0","5.713e-5","2","23622","0","0","10080","0","3","18612","0","0","16018","0","10","122978","0","0","34222","0","0","6314","0","0","30718","0"
"14","22740214",".","A","AC","E","PASS","NA","p.Leu41ProfsTer6","p.Leu41ProfsTer6","c.121dupC","frameshift","LC LoF","1","231738","0","4.315e-6","0","14972","0","0","9778","0","1","17000","0","0","12546","0","0","107998","0","0","33386","0","0","5334","0","0","30724","0"
"14","22740215","rs763177609","C","A","E","PASS","NA","p.Thr40Asn","p.Thr40Asn","c.119C>A","missense","","1","231716","0","4.316e-6","0","14968","0","0","9778","0","0","16996","0","0","12546","0","1","107988","0","0","33384","0","0","5336","0","0","30720","0"
"14","22740215","rs763177609","C","T","E","PASS","NA","p.Thr40Ile","p.Thr40Ile","c.119C>T","missense","","1","231716","0","4.316e-6","0","14968","0","0","9778","0","0","16996","0","0","12546","0","0","107988","0","0","33384","0","0","5336","0","1","30720","0"
"14","22740216","rs771331723","C","T","E","PASS","NA","p.Thr40Thr","p.Thr40Thr","c.120C>T","synonymous","","3","231736","0","1.295e-5","0","14964","0","0","9782","0","0","17000","0","0","12548","0","3","108002","0","0","33384","0","0","5334","0","0","30722","0"
"14","22740219","rs774662938","G","A","E","PASS","NA","p.Leu41Leu","p.Leu41Leu","c.123G>A","synonymous","","5","231748","0","2.158e-5","1","14968","0","0","9780","0","0","17000","0","0","12548","0","4","108004","0","0","33386","0","0","5340","0","0","30722","0"
"14","22740221","rs370506185","G","C","E G","PASS","PASS","p.Ser42Thr","p.Ser42Thr","c.125G>C","missense","","3","262586","0","1.142e-5","3","23608","0","0","10080","0","0","18616","0","0","16044","0","0","122974","0","0","34220","0","0","6320","0","0","30724","0"
"14","22740222",".","T","C","E","PASS","NA","p.Ser42Ser","p.Ser42Ser","c.126T>C","synonymous","","1","231772","0","4.315e-6","0","14968","0","0","9782","0","0","17002","0","0","12550","0","1","108022","0","0","33386","0","0","5340","0","0","30722","0"
"14","22740228",".","A","G","E","PASS","NA","p.Thr44Thr","p.Thr44Thr","c.132A>G","synonymous","","1","231774","0","4.315e-6","0","14970","0","0","9784","0","0","17004","0","0","12550","0","0","108012","0","0","33384","0","0","5342","0","1","30728","0"
"14","22740231",".","T","C","E","PASS","NA","p.Tyr45Tyr","p.Tyr45Tyr","c.135T>C","synonymous","","1","231754","0","4.315e-6","0","14966","0","0","9782","0","0","17006","0","0","12548","0","1","107994","0","0","33388","0","0","5342","0","0","30728","0"
"14","22740235","rs767582156","A","G","E","PASS","NA","p.Thr47Ala","p.Thr47Ala","c.139A>G","missense","","3","231776","0","1.294e-5","0","14970","0","0","9782","0","0","17006","0","0","12552","0","0","108002","0","0","33392","0","0","5342","0","3","30730","0"
"14","22740236","rs752817535","C","T","E","PASS","NA","p.Thr47Ile","p.Thr47Ile","c.140C>T","missense","","2","231772","0","8.629e-6","0","14970","0","0","9784","0","0","17004","0","0","12554","0","2","108002","0","0","33386","0","0","5342","0","0","30730","0"
"14","22740239","rs760866523","G","A","E","PASS","NA","p.Ser48Asn","p.Ser48Asn","c.143G>A","missense","","6","231788","0","2.589e-5","0","14970","0","0","9784","0","0","17006","0","1","12556","0","5","108006","0","0","33394","0","0","5338","0","0","30734","0"
"14","22740243","rs8017419","G","A","E G","PASS","PASS","p.Glu49Glu","p.Glu49Glu","c.147G>A","synonymous","","717","262638","5","0.002730","644","23620","5","0","10086","0","0","18618","0","0","16046","0","3","122988","0","60","34230","0","7","6316","0","3","30734","0"
"14","22740245","rs2075501","A","G","E G","PASS","PASS","p.Asn50Ser","p.Asn50Ser","c.149A>G","missense","","73041","262034","10904","0.2787","9967","23482","2146","3370","10080","576","8861","18556","2082","3290","16022","331","28790","122700","3295","9011","34170","1189","1613","6308","204","8139","30716","1081"
"14","22740247","rs772919805","AATT","A","E","PASS","NA","p.Tyr53del","p.Tyr53del","c.158_160delATT","inframe deletion","","1","231828","0","4.314e-6","0","14970","0","0","9782","0","0","17006","0","0","12562","0","1","108030","0","0","33404","0","0","5342","0","0","30732","0"
"14","22740260","rs758057477","T","G","E","PASS","NA","p.Phe55Cys","p.Phe55Cys","c.164T>G","missense","","1","231884","0","4.313e-6","0","14970","0","0","9788","0","0","17014","0","0","12560","0","1","108070","0","0","33406","0","0","5344","0","0","30732","0"
"14","22740261",".","C","T","E","PASS","NA","p.Phe55Phe","p.Phe55Phe","c.165C>T","synonymous","","1","231868","0","4.313e-6","0","14970","0","0","9786","0","0","17018","0","0","12558","0","1","108054","0","0","33404","0","0","5346","0","0","30732","0"
"14","22740263","rs779909336","G","A","E","PASS","NA","p.Trp56Ter","p.Trp56Ter","c.167G>A","stop gained","LC LoF","2","231870","0","8.626e-6","0","14970","0","0","9786","0","0","17020","0","0","12558","0","0","108056","0","0","33404","0","1","5346","0","1","30730","0"
"14","22740264","rs751435692","G","C","E","PASS","NA","p.Trp56Cys","p.Trp56Cys","c.168G>C","missense","","2","231862","0","8.626e-6","0","14970","0","0","9788","0","2","17020","0","0","12556","0","0","108046","0","0","33404","0","0","5346","0","0","30732","0"
"14","22740267","rs755030842","C","T","E","PASS","NA","p.Tyr57Tyr","p.Tyr57Tyr","c.171C>T","synonymous","","1","231892","0","4.312e-6","0","14970","0","0","9786","0","1","17022","0","0","12564","0","0","108062","0","0","33408","0","0","5346","0","0","30734","0"
"14","22740270","rs2075502","G","A","E G","PASS","PASS","p.Lys58Lys","p.Lys58Lys","c.174G>A","synonymous","","73154","262254","10962","0.2789","9986","23474","2158","3368","10084","574","8885","18580","2094","3298","16042","334","28837","122820","3318","9023","34216","1195","1615","6312","204","8142","30726","1085"
"14","22740282",".","C","A","E","PASS","NA","p.Ser62Arg","p.Ser62Arg","c.186C>A","missense","","1","231980","0","4.311e-6","0","14974","0","0","9790","0","1","17028","0","0","12562","0","0","108120","0","0","33418","0","0","5348","0","0","30740","0"
"14","22740284","rs747709100","G","A","E","PASS","NA","p.Arg63Lys","p.Arg63Lys","c.188G>A","missense","","3","231978","0","1.293e-5","3","14972","0","0","9790","0","0","17028","0","0","12564","0","0","108116","0","0","33420","0","0","5348","0","0","30740","0"
"14","22740286","rs769450853","C","T","E","PASS","NA","p.Gln64Ter","p.Gln64Ter","c.190C>T","stop gained","LC LoF","2","231996","0","8.621e-6","0","14972","0","0","9792","0","0","17030","0","2","12564","0","0","108130","0","0","33420","0","0","5348","0","0","30740","0"
"14","22740290","rs762731989","TG","T","E","PASS","NA","p.Met65IlefsTer22","p.Met65IlefsTer22","c.195delG","frameshift","LC LoF","1","232012","0","4.31e-6","0","14972","0","0","9788","0","0","17030","0","0","12564","0","1","108150","0","0","33422","0","0","5346","0","0","30740","0"
"14","22740291","rs777225748","G","T","E","PASS","NA","p.Met65Ile","p.Met65Ile","c.195G>T","missense","","1","232006","0","4.31e-6","0","14972","0","0","9790","0","0","17028","0","0","12564","0","0","108144","0","0","33422","0","0","5346","0","1","30740","0"
"14","22740297",".","C","T","E","PASS","NA","p.Leu67Leu","p.Leu67Leu","c.201C>T","synonymous","","1","232018","0","4.31e-6","0","14970","0","0","9790","0","0","17028","0","0","12562","0","1","108162","0","0","33420","0","0","5348","0","0","30738","0"
"14","22740298","rs748983583","G","A","E","PASS","NA","p.Val68Ile","p.Val68Ile","c.202G>A","missense","","4","232036","0","1.724e-5","0","14972","0","0","9790","0","1","17028","0","0","12564","0","3","108176","0","0","33420","0","0","5348","0","0","30738","0"
"14","22740301","rs771188122","A","T","E","PASS","NA","p.Ile69Phe","p.Ile69Phe","c.205A>T","missense","","1","232038","0","4.31e-6","0","14970","0","0","9790","0","0","17024","0","0","12564","0","1","108182","0","0","33420","0","0","5350","0","0","30738","0"
"14","22740303",".","T","C","G","NA","PASS","p.Ile69Ile","p.Ile69Ile","c.207T>C","synonymous","","1","30786","0","3.248e-5","1","8618","0","0","302","0","0","1608","0","0","3490","0","0","14954","0","0","834","0","0","980","0","0","0","0"
"14","22740305","rs774848007","G","A","E","PASS","NA","p.Arg70His","p.Arg70His","c.209G>A","missense","","5","232042","0","2.155e-5","0","14972","0","1","9790","0","0","17024","0","0","12564","0","4","108182","0","0","33422","0","0","5350","0","0","30738","0"
"14","22740307","rs34341934","C","G","E G","PASS","PASS","p.Gln71Glu","p.Gln71Glu","c.211C>G","missense","","299","262856","5","0.001138","275","23598","4","0","10090","0","0","18634","0","0","16056","0","9","123154","0","15","34258","1","0","6328","0","0","30738","0"
"14","22740307","rs34341934","C","T","E","PASS","NA","p.Gln71Ter","p.Gln71Ter","c.211C>T","stop gained","LC LoF","1","232046","0","4.309e-6","0","14968","0","0","9790","0","0","17026","0","0","12564","0","1","108188","0","0","33424","0","0","5348","0","0","30738","0"
"14","22740307","rs34341934","CAAG","C","E","PASS","NA","p.Glu72del","p.Glu72del","c.215_217delAAG","inframe deletion","","1","232046","0","4.309e-6","0","14968","0","0","9790","0","1","17026","0","0","12564","0","0","108188","0","0","33424","0","0","5348","0","0","30738","0"
"14","22740310",".","G","T","E","PASS","NA","p.Glu72Ter","p.Glu72Ter","c.214G>T","stop gained","LC LoF","1","232066","0","4.309e-6","0","14972","0","0","9790","0","0","17028","0","0","12564","0","0","108204","0","1","33424","0","0","5346","0","0","30738","0"
"14","22740330","rs760007944","T","A","E G","PASS","PASS","p.Asn78Lys","p.Asn78Lys","c.234T>A","missense","","3","262894","0","1.141e-5","0","23596","0","0","10100","0","3","18628","0","0","16054","0","0","123194","0","0","34264","0","0","6320","0","0","30738","0"
"14","22740335","rs114514536","C","T","E G","PASS","PASS","p.Thr80Met","p.Thr80Met","c.239C>T","missense","","592","262860","9","0.002252","522","23586","9","7","10100","0","0","18636","0","0","16050","0","23","123176","0","33","34256","0","5","6322","0","2","30734","0"
"14","22740336","rs375573160","G","A","E G","PASS","PASS","p.Thr80Thr","p.Thr80Thr","c.240G>A","synonymous","","20","262892","0","7.608e-5","8","23596","0","1","10098","0","2","18628","0","0","16050","0","5","123206","0","0","34252","0","0","6326","0","4","30736","0"
"14","22740336","rs375573160","G","T","E G","PASS","PASS","p.Thr80Thr","p.Thr80Thr","c.240G>T","synonymous","","25","262892","1","9.51e-5","0","23596","0","0","10098","0","0","18628","0","0","16050","0","16","123206","1","4","34252","0","5","6326","0","0","30736","0"
"14","22740337","rs764159800","G","A","E","PASS","NA","p.Glu81Lys","p.Glu81Lys","c.241G>A","missense","","1","232102","0","4.308e-6","0","14972","0","0","9798","0","0","17020","0","0","12564","0","1","108244","0","0","33424","0","0","5344","0","0","30736","0"
"14","22740342","rs369319184","T","C","E G","PASS","PASS","p.Asn82Asn","p.Asn82Asn","c.246T>C","synonymous","","5","262882","0","1.902e-5","4","23598","0","0","10100","0","0","18628","0","0","16052","0","1","123188","0","0","34256","0","0","6324","0","0","30736","0"
"14","22740343","rs74036251","C","T","E G","PASS","PASS","p.Arg83Cys","p.Arg83Cys","c.247C>T","missense","","198","262904","0","0.0007531","183","23612","0","0","10102","0","0","18622","0","0","16046","0","1","123206","0","13","34256","0","1","6322","0","0","30738","0"
"14","22740344","rs762150113","G","A","E","PASS","NA","p.Arg83His","p.Arg83His","c.248G>A","missense","","2","232090","0","8.617e-6","0","14972","0","0","9800","0","1","17022","0","0","12560","0","0","108232","0","0","33422","0","0","5344","0","1","30738","0"
"14","22740344","rs762150113","G","T","E","PASS","NA","p.Arg83Leu","p.Arg83Leu","c.248G>T","missense","","1","232090","0","4.309e-6","0","14972","0","0","9800","0","0","17022","0","0","12560","0","0","108232","0","1","33422","0","0","5344","0","0","30738","0"
"14","22740346","rs759398869","T","C","E","PASS","NA","p.Phe84Leu","p.Phe84Leu","c.250T>C","missense","","5","232118","0","2.154e-5","0","14972","0","0","9802","0","5","17026","0","0","12560","0","0","108256","0","0","33424","0","0","5342","0","0","30736","0"
"14","22740346","rs759398869","TTCTC","T","E","PASS","NA","p.Phe84LeufsTer2","p.Phe84LeufsTer2","c.252_255delCTCT","frameshift","LC LoF","1","232118","0","4.308e-6","0","14972","0","0","9802","0","0","17026","0","0","12560","0","1","108256","0","0","33424","0","0","5342","0","0","30736","0"
"14","22740352","rs766080056","G","C","E","PASS","NA","p.Val86Leu","p.Val86Leu","c.256G>C","missense","","3","232098","0","1.293e-5","0","14972","0","0","9800","0","0","17020","0","0","12564","0","0","108244","0","0","33420","0","1","5342","0","2","30736","0"
"14","22740353","rs751410500","T","G","E","PASS","NA","p.Val86Gly","p.Val86Gly","c.257T>G","missense","","1","232112","0","4.308e-6","0","14972","0","0","9800","0","0","17022","0","0","12564","0","0","108258","0","1","33420","0","0","5342","0","0","30734","0"
"14","22740357",".","C","T","E","PASS","NA","p.Asn87Asn","p.Asn87Asn","c.261C>T","synonymous","","1","232092","0","4.309e-6","0","14974","0","0","9802","0","0","17020","0","0","12562","0","0","108236","0","1","33418","0","0","5342","0","0","30738","0"
"14","22740360",".","C","T","G","NA","PASS","p.Phe88Phe","p.Phe88Phe","c.264C>T","synonymous","","1","30818","0","3.245e-5","1","8644","0","0","302","0","0","1606","0","0","3490","0","0","14960","0","0","834","0","0","982","0","0","0","0"
"14","22740362","rs368748582","A","G","E","PASS","NA","p.Gln89Arg","p.Gln89Arg","c.266A>G","missense","","1","232126","0","4.308e-6","0","14974","0","0","9800","0","0","17026","0","0","12564","0","1","108256","0","0","33424","0","0","5344","0","0","30738","0"
"14","22740363","rs754942617","G","A","E","PASS","NA","p.Gln89Gln","p.Gln89Gln","c.267G>A","synonymous","","6","232132","0","2.585e-5","0","14974","0","0","9800","0","0","17024","0","0","12562","0","0","108270","0","0","33420","0","0","5344","0","6","30738","0"
"14","22740375",".","A","G","E","PASS","NA","p.Lys93Lys","p.Lys93Lys","c.279A>G","synonymous","","1","232092","0","4.309e-6","0","14974","0","0","9798","0","1","17020","0","0","12564","0","0","108232","0","0","33424","0","0","5344","0","0","30736","0"
"14","22740388","rs781226247","A","C","G","NA","PASS","p.Lys98Gln","p.Lys98Gln","c.292A>C","missense","","1","30812","0","3.245e-5","0","8638","0","0","300","0","0","1604","0","0","3486","0","0","14966","0","1","836","0","0","982","0","0","0","0"
"14","22740388","rs781226247","A","G","E","PASS","NA","p.Lys98Glu","p.Lys98Glu","c.292A>G","missense","","1","232056","0","4.309e-6","0","14976","0","0","9796","0","0","17024","0","0","12550","0","1","108222","0","0","33414","0","0","5344","0","0","30730","0"
"14","22740391","rs549940929","A","G","E","PASS","NA","p.Ile99Val","p.Ile99Val","c.295A>G","missense","","1","232084","0","4.309e-6","0","14976","0","0","9798","0","0","17030","0","0","12556","0","0","108236","0","0","33414","0","0","5342","0","1","30732","0"
"14","22740391","rs549940929","A","T","E","PASS","NA","p.Ile99Phe","p.Ile99Phe","c.295A>T","missense","","1","232084","0","4.309e-6","0","14976","0","0","9798","0","0","17030","0","0","12556","0","0","108236","0","0","33414","0","0","5342","0","1","30732","0"
"14","22740397","rs755629341","G","A","E","PASS","NA","p.Asp101Asn","p.Asp101Asn","c.301G>A","missense","","1","232030","0","4.31e-6","0","14976","0","0","9798","0","0","17028","0","0","12544","0","1","108204","0","0","33414","0","0","5336","0","0","30730","0"
"14","22740399","rs777400972","C","T","E","PASS","NA","p.Asp101Asp","p.Asp101Asp","c.303C>T","synonymous","","2","232010","0","8.62e-6","0","14976","0","0","9794","0","0","17026","0","0","12544","0","2","108194","0","0","33410","0","0","5336","0","0","30730","0"
"14","22740401","rs748890326","C","T","E","PASS","NA","p.Ser102Leu","p.Ser102Leu","c.305C>T","missense","","2","231998","0","8.621e-6","0","14976","0","0","9796","0","0","17022","0","0","12540","0","0","108190","0","0","33408","0","0","5338","0","2","30728","0"
"14","22740410",".","G","T","E","PASS","NA","p.Gly105Val","p.Gly105Val","c.314G>T","missense","","1","231894","0","4.312e-6","0","14976","0","0","9792","0","0","17026","0","0","12530","0","1","108114","0","0","33402","0","0","5332","0","0","30722","0"
"14","22740413","rs770659041","A","T","E","PASS","NA","p.Asp106Val","p.Asp106Val","c.317A>T","missense","","2","231866","0","8.626e-6","0","14972","0","0","9786","0","0","17022","0","0","12522","0","2","108114","0","0","33404","0","0","5336","0","0","30710","0"
"14","22740414","rs779127339","C","T","E","PASS","NA","p.Asp106Asp","p.Asp106Asp","c.318C>T","synonymous","","1","231854","0","4.313e-6","0","14974","0","0","9786","0","0","17020","0","0","12522","0","1","108104","0","0","33402","0","0","5332","0","0","30714","0"
"14","22740415","rs746185580","A","G","E","PASS","NA","p.Thr107Ala","p.Thr107Ala","c.319A>G","missense","","1","231848","0","4.313e-6","0","14972","0","0","9788","0","0","17022","0","0","12524","0","1","108104","0","0","33394","0","0","5334","0","0","30710","0"
"14","22740416","rs772460370","C","A","E","PASS","NA","p.Thr107Asn","p.Thr107Asn","c.320C>A","missense","","1","231832","0","4.313e-6","0","14970","0","0","9790","0","0","17020","0","0","12520","0","0","108092","0","0","33398","0","0","5332","0","1","30710","0"
"14","22740417","rs775913155","T","C","E","PASS","NA","p.Thr107Thr","p.Thr107Thr","c.321T>C","synonymous","","1","231836","0","4.313e-6","0","14972","0","0","9790","0","0","17020","0","0","12522","0","1","108090","0","0","33400","0","0","5332","0","0","30710","0"
"14","22740419","rs779752787","C","T","E","PASS","NA","p.Ala108Val","p.Ala108Val","c.323C>T","missense","","4","231732","0","1.726e-5","0","14966","0","0","9780","0","0","17020","0","0","12516","0","4","108036","0","0","33388","0","0","5328","0","0","30698","0"
"14","22740420","rs374709735","G","A","E G","PASS","PASS","p.Ala108Ala","p.Ala108Ala","c.324G>A","synonymous","","38","262524","0","0.0001447","34","23596","0","0","10080","0","0","18612","0","0","15990","0","2","123014","0","2","34226","0","0","6312","0","0","30694","0"
"14","22740422","rs776835667","T","A","E","PASS","NA","p.Met109Lys","p.Met109Lys","c.326T>A","missense","","2","231726","1","8.631e-6","0","14962","0","0","9782","0","0","17016","0","0","12510","0","0","108038","0","0","33388","0","0","5330","0","2","30700","1"
"14","22740422","rs776835667","T","C","E","PASS","NA","p.Met109Thr","p.Met109Thr","c.326T>C","missense","","1","231726","0","4.315e-6","0","14962","0","0","9782","0","0","17016","0","0","12510","0","0","108038","0","1","33388","0","0","5330","0","0","30700","0"
"14","22740422","rs776835667","TG","T","E G","PASS","PASS","p.Met109IlefsTer7","p.Met109IlefsTer7","c.327delG","frameshift","LC LoF","2","262518","0","7.619e-6","1","23582","0","0","10082","0","0","18622","0","0","15994","0","0","123006","0","1","34224","0","0","6308","0","0","30700","0"
"14","22740424","rs139463644","T","C","E","PASS","NA","p.Tyr110His","p.Tyr110His","c.328T>C","missense","","2","231700","0","8.632e-6","0","14964","0","0","9782","0","2","17012","0","0","12508","0","0","108018","0","0","33388","0","0","5330","0","0","30698","0"
"14","22740427",".","T","G","G","NA","PASS","p.Phe111Val","p.Phe111Val","c.331T>G","missense","","1","30792","0","3.248e-5","0","8636","0","0","298","0","0","1608","0","0","3482","0","1","14958","0","0","836","0","0","974","0","0","0","0"
"14","22740431","rs761907862","G","A","E","PASS","NA","p.Cys112Tyr","p.Cys112Tyr","c.335G>A","missense","","1","231426","0","4.321e-6","0","14944","0","0","9768","0","0","17000","0","0","12470","0","0","107894","0","0","33366","0","1","5324","0","0","30660","0"
"14","22740434","rs765543519","C","A","E","PASS","NA","p.Ala113Asp","p.Ala113Asp","c.338C>A","missense","","22","231202","0","9.515e-5","0","14926","0","0","9758","0","3","17000","0","0","12454","0","0","107794","0","18","33358","0","1","5318","0","0","30594","0"
"14","22740438",".","C","T","E","PASS","NA","p.Phe114Phe","p.Phe114Phe","c.342C>T","synonymous","","1","230914","0","4.331e-6","0","14908","0","0","9728","0","0","16996","0","0","12394","0","1","107688","0","0","33340","0","0","5322","0","0","30538","0"
"14","22740443",".","A","G","E","PASS","NA","p.Lys116Arg","p.Lys116Arg","c.347A>G","missense","","2","230566","0","8.674e-6","0","14886","0","0","9716","0","0","16992","0","0","12374","0","2","107524","0","0","33328","0","0","5314","0","0","30432","0"
"14","22740448","rs773328837","A","T","E","PASS","NA","","","","downstream gene","","1","229758","0","4.352e-6","0","14822","0","0","9650","0","0","16984","0","0","12294","0","0","107196","0","0","33286","0","0","5290","0","1","30236","0"
"14","22740453","rs759364578","G","A","E","PASS","NA","","","","downstream gene","","1","228894","0","4.369e-6","0","14766","0","0","9610","0","1","16960","0","0","12216","0","0","106798","0","0","33226","0","0","5284","0","0","30034","0"
"14","22740453","rs759364578","G","C","E G","PASS","PASS","","","","downstream gene","","5","259516","0","1.927e-5","0","23328","0","0","9910","0","0","18556","0","0","15680","0","5","121688","0","0","34060","0","0","6260","0","0","30034","0"
"14","22740453","rs759364578","G","T","E","PASS","NA","","","","downstream gene","","2","228894","0","8.738e-6","0","14766","0","0","9610","0","0","16960","0","0","12216","0","2","106798","0","0","33226","0","0","5284","0","0","30034","0"
"14","22740457","rs752668939","T","C","E","PASS","NA","","","","downstream gene","","1","228192","0","4.382e-6","0","14738","0","0","9548","0","0","16954","0","0","12172","0","1","106524","0","0","33162","0","0","5262","0","0","29832","0"
"14","22740460","rs756189084","G","A","E","PASS","NA","","","","downstream gene","","1","226782","0","4.41e-6","0","14670","0","0","9444","0","0","16934","0","0","12078","0","1","105892","0","0","33046","0","0","5246","0","0","29472","0"
"14","22740462",".","A","T","G","NA","PASS","","","","downstream gene","","1","30602","0","3.268e-5","0","8560","0","0","300","0","0","1602","0","0","3474","0","1","14866","0","0","828","0","0","972","0","0","0","0"
"14","22740463","rs763482676","G","A","E","PASS","NA","","","","downstream gene","","1","224650","0","4.451e-6","0","14566","0","0","9332","0","0","16886","0","0","11918","0","1","104980","0","0","32878","0","0","5184","0","0","28906","0"
"14","22740470","rs201924155","G","A","E G","PASS","RF","","","","downstream gene","","17","220258","0","7.718e-5","0","14400","0","0","9054","0","0","16766","0","0","11596","0","1","103040","0","0","32500","0","0","5112","0","16","27790","0"
"14","22740475","rs778592199","T","G","E","PASS","NA","","","","downstream gene","","1","218362","0","4.58e-6","0","14296","0","0","8862","0","0","16722","0","0","11474","0","1","102220","0","0","32346","0","0","5084","0","0","27358","0"
"14","22740491","rs745528242","C","A","E","PASS","NA","","","","downstream gene","","1","203078","0","4.924e-6","0","13572","0","0","7842","0","0","16178","0","0","10516","0","1","95264","0","0","30840","0","0","4748","0","0","24118","0"
"14","22740491","rs745528242","C","T","E G","PASS","PASS","","","","downstream gene","","2","233700","0","8.558e-6","2","22128","0","0","8144","0","0","17786","0","0","13986","0","0","110144","0","0","31672","0","0","5722","0","0","24118","0"